userId,movie_tag,tag_count
KV{567, white guilt},1
KV{184, alan rickman},1
KV{477, Chris Klein},1
KV{300, atmospheric},1
KV{62, Humour},1
KV{567, cynical},1
KV{599, overrated},1
KV{474, Disaster},1
KV{424, scifi cult},1
KV{474, virginity},1
KV{184, mecha},1
KV{599, helena bonham carter},1
KV{125, sci-fi},1
KV{474, NASA},3
KV{599, setting:space/space ship},1
KV{477, eerie},1
KV{474, mice},1
KV{474, workplace},1
KV{357, Morgan Freeman},1
KV{474, Middle East},1
KV{424, conspiracy theory},1
KV{567, atmospheric},20
KV{474, doll},1
KV{474, baseball},5
KV{49, time-travel},1
KV{424, overcomplicated},1
KV{356, satire},1
KV{567, dreamy},1
KV{18, courtroom drama},1
KV{419, military},1
KV{599, off-beat comedy},1
KV{291, animation},1
KV{477, teen},2
KV{424, morality},1
KV{62, Russell Crowe},1
KV{474, Cold},1
KV{520, enjoyable},1
KV{513, Slim Pickens},1
KV{567, oninous},1
KV{424, archaeology},1
KV{474, twist ending},3
KV{573, Great movie},1
KV{477, cult film},2
KV{537, twists & turns},1
KV{62, stupid but funny},1
KV{474, singletons},1
KV{62, Leonardo DiCaprio},2
KV{62, Johnny Depp},1
KV{567, good cinematography},1
KV{567, slick},2
KV{567, suspense},3
KV{477, imagination},2
KV{599, witty},1
KV{477, superficial plot},1
KV{537, intelligent},1
KV{477, Mel Gibson},1
KV{474, Hungary},1
KV{474, violence in america},2
KV{537, politics},4
KV{474, Civil War},5
KV{599, great dialogue},2
KV{477, action choreography},1
KV{567, Suspenseful},1
KV{424, parody},1
KV{474, Rita Hayworth can dance!},1
KV{599, thriller},1
KV{474, true story},2
KV{357, twist},1
KV{477, original plot},1
KV{119, Nerd},1
KV{474, No DVD at Netflix},1
KV{62, Paris},1
KV{599, Chuck Palahniuk},1
KV{474, interracial marriage},1
KV{474, Police},1
KV{477, stylish},1
KV{567, sentimental},1
KV{424, stylized},2
KV{474, MacBeth},1
KV{537, comedy},1
KV{125, Disturbing},1
KV{477, twist ending},2
KV{424, psychedelic},1
KV{62, justice},1
KV{567, surrealism},2
KV{474, factory},2
KV{477, irreverent},1
KV{62, multiple short stories},1
KV{537, crude humor},1
KV{567, moving},2
KV{599, r:strong bloody violence},1
KV{62, Maggie Gyllenhaal},1
KV{474, missionary},1
KV{474, Dinosaur},1
KV{477, virginity},1
KV{599, mobsters},1
KV{477, Tarantino},1
KV{477, Funny},1
KV{474, ballet},2
KV{106, adventure},1
KV{474, rasicm},2
KV{318, Coen Brothers},1
KV{193, thought-provoking},1
KV{63, classic},1
KV{537, slow action},1
KV{477, space opera},1
KV{537, Simple},1
KV{474, trains},2
KV{477, magic},1
KV{62, fantasy world},2
KV{62, cate blanchett},1
KV{567, intense},3
KV{567, cryptic},1
KV{103, non-linear},1
KV{567, dreamlike},9
KV{62, audience intelligence underestimated},2
KV{474, matchmaker},1
KV{424, Will Ferrell},3
KV{125, 80's},1
KV{474, prom},1
KV{567, disturbing},5
KV{477, imdb top 250},4
KV{341, ROBOTS AND ANDROIDS},1
KV{474, Savannah},1
KV{62, overrated},1
KV{474, terrorism},3
KV{533, lieutenant dan},1
KV{599, nonlinear},1
KV{184, remaster},1
KV{567, morality},1
KV{599, bowling},1
KV{357, Anne Hathaway},1
KV{357, quotable},1
KV{477, disappointing},1
KV{62, Seth MacFarlane},1
KV{125, mindfuck},2
KV{62, Revenge},1
KV{474, river},1
KV{62, Action},1
KV{2, will ferrell},1
KV{477, terrorism},1
KV{599, non-linear timeline},1
KV{62, Audrey Tautou},1
KV{474, ghosts},9
KV{599, ransom},1
KV{62, helena bonham carter},1
KV{474, High School},3
KV{474, Peter Pan},2
KV{424, suspense},8
KV{567, heartwarming},8
KV{599, Natalie Portman},1
KV{62, Bad story},1
KV{305, black comedy},1
KV{474, six-fingered man},1
KV{474, Cold War},3
KV{424, quirky},1
KV{474, school},2
KV{474, adoption},2
KV{599, r:strong language},1
KV{474, Beethoven},1
KV{474, chess},2
KV{474, Lonesome Polecat},1
KV{76, action},1
KV{474, Hollywood},3
KV{599, multiple stories},1
KV{599, interesting},1
KV{474, child abuse},3
KV{474, mountain climbing},1
KV{567, weird},3
KV{62, Jennifer Lawrence},1
KV{474, Italy},2
KV{62, chick flick},1
KV{599, twist ending},2
KV{567, enigmatic},4
KV{477, geeky},1
KV{474, Disney},21
KV{474, gunfight},1
KV{573, seen more than once},1
KV{2, Tom Hardy},1
KV{474, slasher},3
KV{474, heavy metal},1
KV{474, Oscar (Best Supporting Actress)},1
KV{474, tobacco},1
KV{424, martial arts},1
KV{599, original plot},1
KV{62, Tolkien},1
KV{193, time travel},1
KV{424, cynical},1
KV{62, inspirational},1
KV{424, SPACE TRAVEL},1
KV{599, Tarantino},1
KV{477, unoriginal},1
KV{474, Chile},1
KV{567, black comedy},4
KV{424, black and white},1
KV{62, dc comics},2
KV{599, confusing ending},1
KV{599, action},2
KV{336, cult},1
KV{184, thought-provoking},1
KV{474, Nun},1
KV{291, a clever chef rat},1
KV{424, Jared Leto},1
KV{474, Conan},1
KV{567, ridiculous},1
KV{477, witty},1
KV{573, Ben Affleck},1
KV{599, cult film},3
KV{474, ballroom dance},1
KV{62, Al Pacino},2
KV{62, Horrible directing},1
KV{125, bloody},1
KV{474, China},1
KV{474, Watergate},1
KV{599, psychological thriller},1
KV{599, r:disturbing violent content including rape},1
KV{599, tense},1
KV{424, too long},1
KV{474, camels},1
KV{474, evil children},3
KV{474, Johnny Cash},1
KV{474, sexuality},8
KV{474, personals ads},2
KV{474, suburbia},1
KV{477, Star Trek},1
KV{62, World War II},1
KV{477, Michael Bay},2
KV{477, stop looking at me swan},1
KV{599, cult},1
KV{599, great soundtrack},2
KV{474, Emma},1
KV{132, Ewan McGregor},1
KV{474, Peace Corp},1
KV{474, ferris wheel},1
KV{62, Quentin Tarantino},2
KV{424, Suspense},1
KV{424, disturbing},2
KV{599, drug overdose},1
KV{567, sweet},2
KV{474, aardman},1
KV{424, powerful ending},1
KV{474, space opera},4
KV{474, Nazis},2
KV{477, crappy sequel},1
KV{474, spaghetti western},2
KV{567, psychedelic},2
KV{474, C.S. Lewis},2
KV{567, menacing},1
KV{357, twist ending},2
KV{62, Rachel Weisz},3
KV{462, human rights},1
KV{62, gun-fu},1
KV{357, political commentary},1
KV{424, classic sci-fi},1
KV{474, India},9
KV{567, adorable},1
KV{474, kidnapping},5
KV{424, Horror},1
KV{18, music},1
KV{424, alternate reality},1
KV{424, Mark Wahlberg},1
KV{599, Action},1
KV{599, intertwining storylines},1
KV{318, Documentary},1
KV{599, different},1
KV{62, Jim Carrey},1
KV{599, dancing},1
KV{599, clever},1
KV{357, cinematography},1
KV{477, adventure},1
KV{477, love story},1
KV{474, weddings},2
KV{184, atmospheric},1
KV{336, knights},1
KV{62, Ed Harris},1
KV{477, Christian Bale},1
KV{474, bluegrass},1
KV{477, no dialogue},1
KV{474, dust bowl},1
KV{474, Star Trek},1
KV{474, Lou Gehrig},1
KV{62, action},4
KV{193, space epic},1
KV{599, monologue},1
KV{474, S.E. Hinton},1
KV{477, satire},2
KV{184, black and white},1
KV{424, social commentary},1
KV{125, Post apocalyptic},1
KV{477, bad science},1
KV{305, Favelas},1
KV{513, Deep Throat},1
KV{424, Jack Nicholson},1
KV{599, mental illness},1
KV{599, pop culture references},1
KV{567, quirky romantic},1
KV{477, drama},1
KV{62, unintelligent},1
KV{567, inspirational},4
KV{567, cheeky},1
KV{474, plastic surgery},1
KV{474, freaks},2
KV{424, aliens},2
KV{599, gangsters},1
KV{474, Van Gogh},1
KV{424, New York City},1
KV{474, Hearst},1
KV{424, Modern war},1
KV{477, Hugh Jackman},1
KV{119, murder},1
KV{599, Gary Oldman},1
KV{474, Backwards. memory},1
KV{424, claymation},1
KV{474, short films},1
KV{474, bombs},1
KV{599, Highly quotable},2
KV{62, narnia},1
KV{424, time-travel},1
KV{474, Ninotchka remake},1
KV{62, ironic},1
KV{424, robots},1
KV{318, based on a book},1
KV{424, hallucinatory},1
KV{567, bleak},2
KV{599, storytelling},1
KV{357, imdb top 250},1
KV{477, romance},1
KV{537, superhero},1
KV{474, basketball},4
KV{424, based on a true story},2
KV{474, slavery},1
KV{567, meditative},1
KV{599, John Goodman},1
KV{474, spoof},8
KV{474, Europe},2
KV{474, South Africa},1
KV{474, generation X},4
KV{477, Seann William Scott},1
KV{599, psychological},2
KV{62, zoe kazan},1
KV{474, 1900s},1
KV{119, police},1
KV{62, revolution},1
KV{318, childish naivity},1
KV{567, colourful},1
KV{357, comic book},1
KV{474, Nuclear disaster},1
KV{474, boxing},11
KV{599, big boys with guns},1
KV{474, Agatha Christie},2
KV{599, big name actors},1
KV{424, addiction},1
KV{62, bad writing},1
KV{567, inspiring},2
KV{474, christmas},4
KV{474, Simon and Garfunkel},1
KV{474, Dickens},5
KV{599, unusual},1
KV{474, Louisa May Alcott},1
KV{537, visually stunning},1
KV{599, homosexuality},1
KV{477, neo-noir},1
KV{18, Anthony Hopkins},1
KV{424, jack nicholson},2
KV{474, marriage},5
KV{424, annoying},1
KV{166, assassin-in-training (scene)},1
KV{567, harsh},2
KV{357, updated classics},1
KV{567, melancholic},1
KV{537, realistic},1
KV{567, gruesome},1
KV{537, financial crisis},1
KV{474, start of a beautiful friendship},1
KV{184, action},1
KV{62, Mark Ruffalo},1
KV{567, gritty},6
KV{62, predictable},2
KV{477, free to download},1
KV{62, great soundtrack},1
KV{599, Quentin Tarantino},1
KV{599, drama},2
KV{477, It was melodramatic and kind of dumb},1
KV{424, black comedy},1
KV{474, Russia},1
KV{573, not seen},1
KV{477, Andy Samberg},1
KV{477, artistic},1
KV{288, Notable Nudity},1
KV{477, mental illness},1
KV{62, Christoph Waltz},1
KV{567, predictible plot},1
KV{424, asylum},1
KV{537, Tom Hanks},1
KV{424, artificial intelligence},1
KV{318, atmospheric},1
KV{474, evolution},1
KV{477, apocalypse},1
KV{474, saints},1
KV{537, emotional},2
KV{477, gothic},1
KV{477, self discovery},1
KV{474, teacher},1
KV{599, iconic},1
KV{193, atmospheric},1
KV{477, franchise},1
KV{599, r:sustained strong stylized violence},1
KV{318, Matt Damon},1
KV{357, funny},1
KV{103, EPIC},1
KV{424, horror},4
KV{567, confrontational},2
KV{599, guns},1
KV{474, fish},2
KV{62, Dr. Strange},1
KV{599, Stanley Kubrick},1
KV{318, representation of children},1
KV{318, Bechdel Test:Fail},1
KV{474, animal movie},1
KV{474, class},3
KV{567, depression},1
KV{599, mobster},1
KV{62, clever},1
KV{474, POW},2
KV{474, incest},1
KV{138, jackie chan},1
KV{599, police corruption},1
KV{477, graphic design},1
KV{474, mental illness},8
KV{599, David Fincher},1
KV{62, atmospheric},1
KV{474, Jekyll and Hyde},1
KV{424, schizophrenia},1
KV{599, kidnapping},1
KV{62, Soundtrack},1
KV{599, entirely dialogue},1
KV{132, Renee Zellweger},1
KV{573, HORRIBLE ACTING},1
KV{474, England},10
KV{477, M. Night Shyamalan},2
KV{357, ghosts},1
KV{474, wedding},5
KV{599, revolutionary},1
KV{424, Monty Python},1
KV{62, Kurt Russell},1
KV{474, mermaid},1
KV{573, classic},4
KV{474, Ghost},1
KV{599, Quotable},1
KV{567, grim},1
KV{184, end of the world},1
KV{537, hotel},1
KV{599, 1990s},1
KV{477, hugh jackman},1
KV{474, Magic},4
KV{537, big corporations},1
KV{474, good and evil},1
KV{125, dark comedy},1
KV{474, independent},1
KV{537, Mystery},1
KV{161, Something for everyone in this one... saw it without and plan on seeing it with kids!},1
KV{357, High School},1
KV{424, uplifting},1
KV{474, abortion},1
KV{567, long takes},1
KV{599, film noir},1
KV{474, Jim Morrison},1
KV{567, thought-provoking},11
KV{567, elegant},1
KV{567, Beautiful},3
KV{424, mystery},3
KV{474, Journalism},1
KV{599, Uma Thurman},1
KV{62, post-apocalyptic},1
KV{567, unlikely hero},1
KV{537, edward norton},1
KV{474, drug abuse},2
KV{537, lies},1
KV{474, Dumas},1
KV{62, Medieval},1
KV{599, masterpiece},2
KV{205, Star Wars},1
KV{62, DC},1
KV{567, silly},2
KV{537, complicated},1
KV{125, offensive},1
KV{474, Lloyd Dobbler},1
KV{573, remake},1
KV{606, World War II},1
KV{474, World War II},7
KV{62, Josh Brolin},1
KV{537, FBI},1
KV{477, Sci-fi},1
KV{62, Disney},1
KV{599, neo-noir},1
KV{474, Dogs},1
KV{477, fantasy world},1
KV{62, Hayao Miyazaki},1
KV{567, tragic},2
KV{62, Christopher Lloyd},2
KV{474, Ray Bradbury},2
KV{567, hallucinatory},6
KV{18, Sustainability},1
KV{599, nonlinear timeline},1
KV{477, Jaime Pressly},1
KV{474, lawn mower},1
KV{567, symbolism},2
KV{424, absorbing},1
KV{477, Jim Carrey},1
KV{138, kung fu},1
KV{474, violence},4
KV{477, Halle Berry},1
KV{573, interesting},1
KV{474, Robert Penn Warren},1
KV{474, truckers},1
KV{537, Thrilling},1
KV{474, Tolstoy},1
KV{599, los angeles},1
KV{599, police},1
KV{424, Nudity (Full Frontal)},1
KV{474, spelling bee},1
KV{62, DC Comics},1
KV{477, mental hospital},1
KV{513, purity of essence},1
KV{599, Philip Seymour Hoffman},1
KV{474, missing children},1
KV{2, Boxing story},1
KV{599, original},1
KV{567, philosophical},7
KV{567, depressing},3
KV{477, friendship},2
KV{424, independent film},1
KV{193, psychological},1
KV{474, Loretta Lynn},1
KV{567, feel-good},3
KV{474, women},1
KV{474, movies},4
KV{477, Colin Farrell},1
KV{274, comic book},1
KV{474, Priest},1
KV{474, AIDs},2
KV{567, loneliness},3
KV{474, 1960s},1
KV{567, sad},3
KV{599, suspense},1
KV{319, Disney},1
KV{599, smart writing},1
KV{599, bruce willis},1
KV{474, e-mail},1
KV{62, heroine in tight suit},2
KV{599, dialogue},1
KV{599, casual violence},1
KV{474, Inigo Montoya},1
KV{424, nuclear war},1
KV{599, marijuana},1
KV{62, wonderwoman},1
KV{357, Bette Davis},1
KV{474, drugs},3
KV{125, satire},4
KV{474, Tennessee Williams},3
KV{477, GIVE ME BACK MY SON!},1
KV{62, daniel radcliffe},1
KV{474, Prince},1
KV{125, Vulgar},1
KV{474, Queen Victoria},1
KV{477, Simon Pegg},1
KV{62, love story},1
KV{474, cattle drive},1
KV{474, television},6
KV{533, bubba gump shrimp},1
KV{305, DEPRESSING},1
KV{318, Jeff Bridges},1
KV{474, Salieri},1
KV{599, assassins},1
KV{599, atmospheric},3
KV{599, Samuel L. Jackson},1
KV{62, animation},2
KV{477, photography},1
KV{112, EPIC},1
KV{477, guns},1
KV{424, Stupid ending},1
KV{226, ummarti2006},1
KV{474, soccer},1
KV{474, rich guy - poor girl},1
KV{62, organized crime},2
KV{474, Norman Bates},1
KV{318, Creature Feature},1
KV{184, harry potter},1
KV{474, Girl Power},3
KV{477, poor dialogue},1
KV{62, Liam Neeson},3
KV{599, postmodern},1
KV{567, tear jerker},2
KV{474, governess},1
KV{424, Arnold Schwarzenegger},1
KV{477, Zooey Deschanel},1
KV{62, bad script},1
KV{543, Comedy},1
KV{62, gothic},4
KV{474, Truman Capote},1
KV{477, Alfred Hitchcock},3
KV{567, tearjerking},1
KV{62, witty},2
KV{567, Motivational},1
KV{474, Up series},1
KV{477, unique},1
KV{474, parenthood},1
KV{599, interwoven storylines},1
KV{474, biking},1
KV{474, Aardman},4
KV{474, Harper Lee},1
KV{357, superhero},1
KV{477, love},2
KV{599, episodic},1
KV{567, inhumane},1
KV{62, hilarious},1
KV{62, Ben Stiller},1
KV{567, easygoing},1
KV{424, stupid ending},1
KV{474, nostalgia},1
KV{474, Mexico},1
KV{567, understated},2
KV{474, fugitive},2
KV{424, indiana jones},1
KV{474, Jane Austen},4
KV{62, meryl streep},1
KV{62, leonardo DiCarpio},1
KV{477, masculinity},1
KV{567, beautiful visuals},1
KV{327, Ben Stiller},1
KV{477, solitude},1
KV{599, non-linear},1
KV{424, Magic},1
KV{424, tense},3
KV{599, conversation},1
KV{599, anthology},1
KV{474, mathematics},2
KV{567, wistful},1
KV{477, space travel},1
KV{567, witty},1
KV{474, dinosaurs},2
KV{62, conspiracy theory},1
KV{336, highschool},1
KV{477, classic},1
KV{474, flood},1
KV{477, hallucinatory},1
KV{477, mindfuck},3
KV{474, darth vader},2
KV{474, aliens},11
KV{167, test tag},1
KV{474, Shakespeare sort of},3
KV{567, introspection},1
KV{62, adventure},3
KV{567, Visually appealing},1
KV{424, thought-provoking},6
KV{567, beautifully filmed},1
KV{62, Will Ferrell},2
KV{567, tense},4
KV{62, Anne Hathaway},1
KV{424, time travel},3
KV{599, motherfucker},1
KV{474, 06 Oscar Nominated Best Movie - Animation},3
KV{62, Visually stunning},1
KV{474, Mount Rushmore},1
KV{289, old},1
KV{567, awesome},1
KV{424, Jake Gyllenhaal},2
KV{62, James Franco},2
KV{184, epic},1
KV{424, Sci-Fi},1
KV{474, prequel},1
KV{357, Christian Bale},2
KV{599, foul language},1
KV{567, unsettling},1
KV{599, violence},3
KV{62, jon hamm},1
KV{125, goretastic},1
KV{424, south park},1
KV{474, genocide},1
KV{477, shenanigans},1
KV{62, Studio Ghibli},1
KV{599, irony},1
KV{474, 1920s},2
KV{474, twins},6
KV{599, drugs},2
KV{567, humorous},1
KV{424, claustrophobic},1
KV{474, singers},1
KV{62, Jude Law},1
KV{474, rap},1
KV{62, family},3
KV{599, Oscar (Best Effects - Visual Effects)},1
KV{424, Tolkien},1
KV{537, big budget},1
KV{573, bad},7
KV{424, visually appealing},1
KV{18, britpop},1
KV{567, Visually Striking},1
KV{474, infertility},1
KV{599, great acting},3
KV{474, Michael Crichton},1
KV{474, Japan},3
KV{474, union},1
KV{599, apes},1
KV{477, dialogue},1
KV{537, music},1
KV{62, Western},1
KV{336, animation},1
KV{474, president},4
KV{477, photographer},1
KV{424, insanity},1
KV{567, Moving},1
KV{474, Captain Kirk},1
KV{567, Insane},1
KV{474, zombies},4
KV{477, pizza beer},1
KV{424, Atmospheric},1
KV{474, I am your father},1
KV{474, photography},2
KV{18, dumpster diving},1
KV{567, humane},1
KV{474, prostitution},7
KV{62, Africa},1
KV{474, Titanic},1
KV{567, eerie},1
KV{567, Great Visuals},1
KV{567, good dialogue},2
KV{424, treasure hunt},1
KV{357, great performances},1
KV{474, pool},1
KV{567, wry},1
KV{357, mindfuck},1
KV{305, stupid},1
KV{474, lawyers},5
KV{599, friendship},1
KV{567, intelligent},4
KV{477, Philip K. Dick},1
KV{567, interesting},1
KV{474, whales},1
KV{474, Eugene O'Neill},1
KV{599, aliens},1
KV{177, feel-good},1
KV{474, religion},20
KV{599, organized crime},2
KV{567, artsy},2
KV{567, allegorical},1
KV{567, fucked up},1
KV{599, ironic},1
KV{62, Eva Green},1
KV{474, Henry James},2
KV{474, teachers},1
KV{474, Rome},2
KV{474, Moses},1
KV{62, dark humor},1
KV{474, birds},4
KV{474, Day and Hudson},1
KV{474, Nick and Nora Charles},6
KV{599, royal with cheese},1
KV{599, futuristic},1
KV{474, Michigan},1
KV{599, exciting},1
KV{474, prodigies},1
KV{474, Dorothy},1
KV{474, Oscar (Best Actress)},3
KV{125, irreverent},2
KV{474, reality TV},1
KV{474, In Netflix queue},131
KV{424, jake gyllenhaal},1
KV{477, atmospheric},3
KV{537, truth},1
KV{477, inspiring},1
KV{610, heroic bloodshed},1
KV{357, Christopher Nolan},1
KV{537, cia},1
KV{599, entertaining},1
KV{599, love story},1
KV{474, Coen Brothers},5
KV{606, Romans},1
KV{477, mystery},2
KV{599, gangster},1
KV{600, gothic},1
KV{474, made me cry},2
KV{62, Justin Timberlake},1
KV{474, King Arthur},4
KV{474, Katzanzakis},1
KV{477, Coen Brothers},1
KV{125, Sexual Humor},1
KV{291, inspirational},1
KV{477, bad plot},3
KV{567, fun},4
KV{599, imaginary friend},1
KV{125, R language},1
KV{477, zombies},1
KV{62, fantasy},3
KV{474, memory},3
KV{599, film-noir},1
KV{477, religion},2
KV{474, bears},1
KV{62, MCU},1
KV{474, circus},4
KV{537, too much love interest},1
KV{537, romance},4
KV{357, Leonardo DiCaprio},2
KV{599, heroin},1
KV{477, bad acting},1
KV{125, Crude humor},1
KV{599, unique},2
KV{567, anger},1
KV{62, lord of the rings},1
KV{477, video games},1
KV{125, social commentary},1
KV{62, politics},1
KV{474, pageant},1
KV{424, Action},1
KV{474, Halloween},1
KV{62, secret society},2
KV{474, mirrors},1
KV{318, Narrative pisstake},1
KV{62, survival},2
KV{62, Christina Ricci},2
KV{419, American propaganda},1
KV{477, espionage},1
KV{474, dating},2
KV{599, satirical},2
KV{537, intellectual},1
KV{424, will ferrell},1
KV{573, Seann William Scott},1
KV{567, mental illness},5
KV{62, Jared Leto},1
KV{474, Shakespeare},12
KV{567, Quirky},1
KV{567, happpiness},1
KV{62, Great villain},1
KV{599, funny},2
KV{62, Jessica Alba},2
KV{474, weather forecaster},1
KV{474, Stones of Summer},1
KV{474, royalty},1
KV{474, assassination},5
KV{599, double life},1
KV{62, fast-paced dialogue},1
KV{193, alternate reality},1
KV{424, Steve Buscemi},1
KV{599, classic},4
KV{424, suspenseful},2
KV{474, psychopaths},2
KV{474, samurai},4
KV{599, bad-ass},1
KV{474, Not available from Netflix},2
KV{62, interesting},1
KV{599, hitman},2
KV{599, genius},1
KV{62, Rachel McAdams},1
KV{474, gangs},1
KV{62, New York City},1
KV{474, Veterinarian},1
KV{62, David Thewlis},1
KV{424, edward norton},1
KV{424, british comedy},1
KV{424, Trey Parker},1
KV{62, star wars},1
KV{424, inspirational},1
KV{125, great ending},1
KV{474, real estate},1
KV{567, clever},2
KV{474, suicide},1
KV{537, hostage},1
KV{477, bad script},1
KV{474, jungle},1
KV{477, far fetched},1
KV{62, epic},1
KV{424, space craft},1
KV{567, elegiac},1
KV{567, earnest},1
KV{537, Denzel Washington},1
KV{477, first was much better},1
KV{62, creative},1
KV{474, whimsical},1
KV{424, space adventure},1
KV{567, lovely},1
KV{474, parrots},1
KV{474, Vietnam},10
KV{599, slow},1
KV{474, Butler},1
KV{474, South America},2
KV{567, Eccentric},1
KV{599, mystery},1
KV{318, dreams},1
KV{474, Big Brothers},1
KV{477, intelligent sci-fi},1
KV{474, brothers},1
KV{62, Chris Evans},2
KV{537, crime},1
KV{193, India},1
KV{424, stephen king},1
KV{474, cancer},2
KV{567, art house},1
KV{62, Tom Hardy},1
KV{599, twist},1
KV{474, nuns},1
KV{424, surreal},1
KV{599, character development},1
KV{184, amazing artwork},1
KV{424, Hugh Jackman},1
KV{474, 1950s},2
KV{474, convent},1
KV{474, Astaire and Rogers},6
KV{599, brutality},1
KV{567, Bittersweet},1
KV{537, depressing},1
KV{193, hallucinatory},1
KV{424, dark},2
KV{599, black humor},1
KV{599, bible},1
KV{474, hippies},1
KV{474, remade},5
KV{474, adultery},11
KV{474, Mafia},8
KV{62, con artists},1
KV{474, orphans},3
KV{477, FIGHTING THE SYSTEM},1
KV{474, roald dahl},1
KV{474, college},2
KV{424, Rob Zombie},2
KV{567, nightmare},1
KV{599, fast paced},1
KV{62, Harley Quinn's ass},1
KV{424, mental illness},1
KV{567, insanity},1
KV{537, memory loss},1
KV{474, stage},1
KV{125, cruel characters},1
KV{424, stranded},1
KV{599, Jeff Bridges},1
KV{184, humorous},1
KV{477, dark comedy},3
KV{62, sexy female scientist},2
KV{474, live action/animation},1
KV{474, Nick Hornby},2
KV{477, teenage pregnancy},1
KV{477, new composer},1
KV{567, Witty},1
KV{356, transvestite},1
KV{474, opera},1
KV{477, needed more autobots},1
KV{474, aviation},1
KV{567, chilly},1
KV{599, nonlinear narrative},1
KV{474, Homeless},1
KV{62, Oscar (Best Cinematography)},1
KV{567, purposefulness},1
KV{62, corruption},1
KV{474, Tradition!},1
KV{599, rug},1
KV{573, Sinbad},1
KV{62, superman},1
KV{119, killer},1
KV{599, Mafia},1
KV{537, heist},2
KV{477, remade},1
KV{477, Horrid characterisation},1
KV{567, Unique},1
KV{62, imdb top 250},1
KV{474, video},1
KV{567, visually stunning},2
KV{474, Strangers on a Train},1
KV{474, Firefly},1
KV{537, thought-provoking},2
KV{537, based on a true story},1
KV{62, daniel craig},1
KV{62, funny},10
KV{477, comedy},1
KV{18, indie record label},1
KV{318, italy},1
KV{474, overrated},1
KV{474, prison},4
KV{537, biography},1
KV{474, Charlotte Bronte},1
KV{474, police},5
KV{537, disturbing},1
KV{599, computer},1
KV{62, Marion Cotillard},1
KV{537, silly},1
KV{599, hit men},2
KV{474, dance marathon},1
KV{474, invisibility},1
KV{62, British gangster},1
KV{62, bad jokes},1
KV{599, robots},1
KV{62, Sean Connery},1
KV{318, friendship},1
KV{567, cerebral},6
KV{205, oldie but goodie},1
KV{477, suspense},2
KV{62, marvel},1
KV{567, twisted},1
KV{424, illusions},1
KV{62, ethics},1
KV{474, amnesia},5
KV{474, radio},2
KV{424, mindless one liners},1
KV{474, widows/widowers},1
KV{477, futuristic},1
KV{62, scifi},1
KV{599, out of order},1
KV{62, hitman},1
KV{567, creepy},3
KV{477, James Cameron},1
KV{125, sarcasm},2
KV{474, Bible},6
KV{477, Jesse Ventura},1
KV{474, martial arts},7
KV{474, lions},1
KV{477, Samuel L. Jackson},1
KV{477, Studio Ghibli},1
KV{537, visually appealing},1
KV{474, immigrants},4
KV{474, spying},3
KV{573, Comedy},1
KV{567, philosopical},1
KV{567, post-apocalyptic},1
KV{62, Seth Rogen},2
KV{62, Orlando Bloom},1
KV{62, original},1
KV{474, remake},8
KV{474, Africa},4
KV{474, camp},1
KV{424, murder},1
KV{424, serial killer},1
KV{474, art},2
KV{474, busniess},1
KV{474, preacher},1
KV{62, mafia},1
KV{357, Oscar (Best Actress)},1
KV{474, Missionary},1
KV{606, for katie},1
KV{424, Steven Spielberg},1
KV{537, psychology},2
KV{62, Dystopia},1
KV{356, dark comedy},1
KV{599, touching},1
KV{318, documentary},2
KV{184, directorial debut},1
KV{424, scary},2
KV{474, business},4
KV{474, hip hop},1
KV{474, pudding},1
KV{487, psychological},1
KV{327, awesome},1
KV{474, Hal},1
KV{474, Union},1
KV{424, witty},1
KV{477, dumb},1
KV{599, Guns},1
KV{474, statue},1
KV{599, corruption},1
KV{474, Amtrak},1
KV{424, multiple storylines},1
KV{474, con men},1
KV{424, Christoph Waltz},1
KV{424, based on a play},1
KV{62, Andy Garcia},1
KV{474, Gangs},1
KV{62, sex},1
KV{424, ensemble cast},1
KV{62, Matrix},1
KV{125, dystopia},1
KV{474, hit men},4
KV{474, china},1
KV{567, dark},8
KV{424, based on a book},1
KV{477, Poor plot development},1
KV{477, Harrison Ford},1
KV{357, lesbian subtext},1
KV{474, mockumentary},3
KV{599, blood},1
KV{599, philosophical},3
KV{193, memory},1
KV{599, philosophy},1
KV{477, drugs},1
KV{474, Magneto},1
KV{132, sofia coppola},1
KV{474, jazz},1
KV{474, TV},2
KV{474, race},8
KV{424, sci-fi},8
KV{477, space},1
KV{599, mindfuck},1
KV{477, faerie tale},1
KV{439, Action},1
KV{477, Quentin Tarantino},1
KV{477, lack of development},1
KV{474, Marx brothers},2
KV{599, dark comedy},3
KV{474, music business},2
KV{599, unpredictable},1
KV{477, lack of story},1
KV{567, brilliant},1
KV{477, white guilt},1
KV{474, Venice},1
KV{477, robots},1
KV{599, loneliness},1
KV{474, AS Byatt},1
KV{474, anime},5
KV{474, skiing},1
KV{567, bad dialogue},1
KV{424, hilarious},1
KV{599, Arthur C. Clarke},1
KV{477, villain nonexistent or not needed for good story},1
KV{474, beat poetry},1
KV{62, Dwayne Johnson},1
KV{599, complicated},1
KV{537, Las Vegas},1
KV{474, Shark},1
KV{599, imdb top 250},5
KV{184, marvel},1
KV{184, Magic},1
KV{318, divorce},1
KV{474, moon},2
KV{474, sisterhood},1
KV{537, holocaust},1
KV{474, stapler},1
KV{62, Great performances},1
KV{537, robbery},1
KV{567, strange},1
KV{62, short stories},1
KV{356, post-college},1
KV{305, drugs},1
KV{318, the catholic church is the most corrupt organization in history},1
KV{119, classic},1
KV{474, Quakers},1
KV{474, Insurance},1
KV{537, philosophy},2
KV{318, Henry Darger},1
KV{474, Pee Wee Herman},1
KV{477, vampire},1
KV{477, intelligent},1
KV{477, claymation},1
KV{62, bad acting},1
KV{424, satire},4
KV{567, philosophical issues},1
KV{474, war},1
KV{474, Thanksgiving},1
KV{357, undercover cop},1
KV{537, long shots},1
KV{62, sequel},3
KV{477, too many characters},1
KV{424, SNL},1
KV{474, voyeurism},1
KV{62, sword fight},1
KV{474, Gulf War},1
KV{477, remake},1
KV{477, anime},2
KV{474, show business},4
KV{474, 1970s},3
KV{567, heartbreaking},4
KV{166, Robert Ludlum},1
KV{474, high school},10
KV{477, best comedy},1
KV{62, unnecessary sequel},1
KV{537, dead wife},1
KV{567, romantic},2
KV{62, nonsense},1
KV{62, immortality},1
KV{18, true story},1
KV{599, crime},4
KV{599, retro},1
KV{567, serial killer},1
KV{341, space},1
KV{305, mathematics},1
KV{184, Mindfuck},1
KV{474, nightclub},3
KV{567, beautiful cinematography},1
KV{474, robots},6
KV{474, Grace},1
KV{599, rape},1
KV{318, Pixar},1
KV{599, Lolita theme},1
KV{567, smart},2
KV{474, space},9
KV{62, Tom Hanks},2
KV{474, Capote},2
KV{318, city politics},1
KV{462, Cambodia},1
KV{474, surfing},1
KV{424, Psychological Thriller},1
KV{599, mind-blowing},1
KV{62, Bad writing},1
KV{318, cartoon},1
KV{62, weak plot},1
KV{21, romantic comedy},1
KV{474, the Force},1
KV{474, Stephen Crane},1
KV{424, adventure},1
KV{474, Brooch},1
KV{184, mindfuck},1
KV{474, virtual reality},1
KV{474, Politics},1
KV{357, stylized},1
KV{477, bromance},1
KV{319, Oscar (Best Music - Original Score)},1
KV{62, thought provoking},1
KV{125, surprise ending},1
KV{474, falling},1
KV{474, fairy tales},2
KV{62, history},1
KV{166, assassin},2
KV{424, Brittany Murphy},1
KV{599, bad language},1
KV{474, vampire},1
KV{2, Leonardo DiCaprio},1
KV{599, assassination},1
KV{474, Shangri-La},1
KV{62, Jennifer Connelly},1
KV{357, Paul Rudd},1
KV{119, stone age},1
KV{336, pixar},1
KV{599, narrated},1
KV{62, individualism},1
KV{599, r:graphic sexuality},1
KV{474, survival},1
KV{567, """artsy"""},1
KV{474, swashbuckler},5
KV{474, butler},1
KV{477, cyberpunk},1
KV{62, superhero},6
KV{599, cool style},1
KV{424, dark fairy tale},1
KV{462, crime},1
KV{599, good dialogue},1
KV{474, screwball},4
KV{474, California},1
KV{62, Woody Harrelson},1
KV{62, rebellion},1
KV{599, Nudity (Full Frontal)},1
KV{599, random},1
KV{567, trippy},2
KV{424, Jude Law},1
KV{474, Cambodia},1
KV{506, music},1
KV{474, Christmas},8
KV{474, Wizards},4
KV{599, humorous},1
KV{537, Kevin Spacey},1
KV{62, ryan reynolds},1
KV{477, military},1
KV{193, Tim Burton},1
KV{474, shrimp},1
KV{184, sci-fi},1
KV{477, plot holes},2
KV{49, sci-fi},1
KV{184, dark},1
KV{567, crazy},1
KV{567, existentialism},5
KV{599, classic movie},1
KV{424, David Bowie},1
KV{474, politics},13
KV{477, stylized},2
KV{567, friendship},1
KV{474, Andy Kaufman},1
KV{419, Afghanistan},1
KV{424, Star Wars},1
KV{599, Nudity (Topless)},1
KV{62, video game adaptation},1
KV{477, Neil Patrick Harris},1
KV{599, soundtrack},2
KV{18, holocaust},1
KV{599, intelligent},1
KV{474, dance},2
KV{132, John Cusack},1
KV{474, pregnancy},5
KV{477, notable soundtrack},1
KV{599, superb soundtrack},1
KV{599, action packed},1
KV{474, Mrs. DeWinter},1
KV{474, pixar},1
KV{62, Robert Downey Jr.},2
KV{599, relaxing},1
KV{62, Exquisite plotting.},1
KV{567, bittersweet},9
KV{125, time travel},1
KV{477, high school},1
KV{477, Paul Rudd},1
KV{474, Capone},1
KV{62, Comedy},2
KV{599, Harvey Keitel},1
KV{474, Pearl S Buck},1
KV{62, Tim Burton},1
KV{474, writing},3
KV{477, Post apocalyptic},3
KV{474, Native Americans},1
KV{477, 2001-like},1
KV{474, Indonesia},1
KV{599, offensive},1
KV{62, Ryan Reynolds},3
KV{567, unconventional},2
KV{177, very funny},1
KV{474, deaf},1
KV{62, ben affleck},1
KV{474, military},7
KV{567, contemplative},1
KV{474, Australia},10
KV{424, tolkien},1
KV{567, bizzare},1
KV{424, Stanley Kubrick},1
KV{424, Mental Hospital},1
KV{477, costume drama},1
KV{125, science fiction},1
KV{474, train},2
KV{424, ben stiller},1
KV{474, ark of the covenant},1
KV{62, Mila Kunis},1
KV{477, scifi cult},1
KV{424, fantasy},2
KV{477, pregnancy},1
KV{62, Pixar},1
KV{62, treasure hunt},1
KV{474, cross dressing},5
KV{357, suspense},1
KV{62, western},1
KV{474, Clousseau},3
KV{474, Huey Long},1
KV{474, rape},1
KV{474, food},3
KV{477, comics},1
KV{533, stupid is as stupid does},1
KV{599, good music},1
KV{487, suspense},1
KV{599, black humour},1
KV{599, fighting},1
KV{474, claims to be true},1
KV{474, biopic},5
KV{567, surreal},12
KV{474, children},2
KV{474, small towns},1
KV{184, comic book},1
KV{599, consumerism},1
KV{573, good},1
KV{474, new york},2
KV{424, creepy},6
KV{599, artificial intelligence},1
KV{474, retro},1
KV{289, moldy},1
KV{567, artistic},2
KV{599, fun},1
KV{599, r:disturbing violent images},1
KV{474, figure skating},2
KV{474, Canada},1
KV{474, blind},3
KV{567, mind-bending},1
KV{474, Hannibal Lecter},2
KV{119, widows/widowers},1
KV{424, Quentin Tarantino},3
KV{474, E.M. Forster},2
KV{2, Highly quotable},1
KV{474, Rolling Stone},1
KV{474, Dodie Smith},1
KV{567, unique},1
KV{318, dark comedy},1
KV{166, Jean Reno},1
KV{477, Adam Sandler},3
KV{62, will ferrell},2
KV{474, game},1
KV{62, visually appealing},3
KV{474, Othello},1
KV{477, humorous},2
KV{477, male nudity},1
KV{474, Scott Turow},1
KV{474, psychiatrist},2
KV{76, sci-fi},1
KV{474, Amish},2
KV{474, Nabokov},1
KV{424, controversial},3
KV{424, psychology},6
KV{477, Coen Bros},1
KV{599, stylized},2
KV{573, sci-fi},1
KV{567, funny},5
KV{573, hilarious},1
KV{567, Visually stunning},1
KV{599, Dull},1
KV{318, film history},1
KV{599, nonlinear storyline},1
KV{62, Mystery},1
KV{477, visually stunning},1
KV{599, notable soundtrack},1
KV{474, vampires},2
KV{474, archaeology},3
KV{62, poorly paced},1
KV{424, Surreal},1
KV{62, good dialogue},1
KV{474, televangelist},1
KV{62, Macaulay Culkin},1
KV{474, Boston},1
KV{474, shipwreck},1
KV{599, Luc Besson},1
KV{62, Ben Kingsley},1
KV{474, crucifixion},1
KV{599, comedy},2
KV{474, books},3
KV{62, Epic},1
KV{477, Ryan Reynolds},1
KV{424, PTSD},1
KV{599, TERRORISM},1
KV{424, twist ending},7
KV{537, sexuality},1
KV{474, Jason},5
KV{474, Enterprise},1
KV{567, tension},1
KV{599, golden watch},1
KV{424, mythology},1
KV{474, I see dead people},1
KV{567, character study},2
KV{357, Casey Affleck},1
KV{62, sniper},1
KV{477, bad},1
KV{474, spies},1
KV{336, superhero},1
KV{474, death},6
KV{474, Oscar Wilde},1
KV{336, sisters},1
KV{599, amazing},1
KV{474, President},1
KV{424, heroin},1
KV{62, Istanbul},1
KV{62, Bill Murray},1
KV{567, insightful},1
KV{474, Judaism},5
KV{567, beautiful},5
KV{477, quirky},1
KV{599, Palme d'Or},1
KV{424, nonlinear},1
KV{184, gintama},1
KV{424, Insanity},1
KV{474, black-and-white},1
KV{327, british comedy},1
KV{567, visually appealing},12
KV{474, Sundance award winner},1
KV{567, claustrophobic},2
KV{477, Recap},1
KV{424, Tarantino},1
KV{474, horses},4
KV{205, sci-fi},1
KV{537, graphic design},1
KV{474, paranoia},1
KV{537, great soundtrack},1
KV{193, surreal},3
KV{424, Martin Scorsese},3
KV{477, artificial intelligence},2
KV{226, surfing},1
KV{474, aging},1
KV{606, British},1
KV{474, Stand Up},1
KV{506, tense},1
KV{62, beautiful scenery},1
KV{599, pulp},1
KV{474, conspiracy},1
KV{599, sci-fi},1
KV{62, Viggo Mortensen},1
KV{62, dark},2
KV{474, obsession},1
KV{21, wedding},1
KV{599, technology},1
KV{62, Batman},1
KV{318, children},1
KV{318, computer animation},1
KV{599, milkshake},1
KV{477, John Malkovich},1
KV{62, Amy Adams},1
KV{474, mining},1
KV{62, surreal},1
KV{567, downbeat},2
KV{62, Samuel L. Jackson},2
KV{424, Ben Stiller},2
KV{62, space},1
KV{599, noir},1
KV{62, multiple storylines},1
KV{474, salute to Douglas Sirk},1
KV{537, clever},1
KV{477, George Clooney},1
KV{567, nocturnal},1
KV{474, They Might Be Giants},1
KV{474, Hannibal Lector},1
KV{62, comedy},5
KV{474, Holocaust},11
KV{184, psychology},2
KV{477, weird},1
KV{62, Eric Bana},1
KV{424, Nicolas Cage},1
KV{474, Beatles},1
KV{537, cheating},1
KV{62, good writing},1
KV{474, Clock},1
KV{567, moody},2
KV{567, tragedy},1
KV{62, dark comedy},4
KV{319, Disney animated feature},1
KV{474, multiple roles},1
KV{184, Twist Ending},1
KV{474, oil},1
KV{357, artificial intelligence},1
KV{474, saint},1
KV{474, movie business},7
KV{474, family},4
KV{474, subway},1
KV{462, murder},1
KV{424, brutality},1
KV{477, creativity},1
KV{567, uncomfortable},1
KV{62, stylized},2
KV{477, twists & turns},1
KV{474, coulda been a contender},1
KV{435, psychology},1
KV{599, diner},1
KV{62, Robin Williams},3
KV{537, interesting scenario},1
KV{474, multiple personalities},1
KV{537, bank},1
KV{599, coke},1
KV{599, multiple storylines},1
KV{567, somber},1
KV{62, Jesse Eisenberg},1
KV{477, ridiculous},1
KV{477, quick cuts},1
KV{424, cult film},1
KV{599, dark humor},1
KV{62, bad plot},1
KV{567, lyrical},2
KV{474, court},12
KV{567, long shots},1
KV{119, action},2
KV{474, theater},2
KV{477, Shia LaBeouf},1
KV{18, twist ending},2
KV{474, Toto},1
KV{599, killer-as-protagonist},1
KV{62, Adrien Brody},1
KV{125, based on a book},1
KV{125, Kevin Smith},1
KV{62, mel gibson},1
KV{125, jay and silent bob},1
KV{599, sniper},1
KV{424, true story},1
KV{62, lion},1
KV{537, post apocalyptic},1
KV{462, procedural},1
KV{599, organised crime},1
KV{477, Bruce Willis},1
KV{62, ensemble cast},1
KV{599, innovative},1
KV{318, narrated},1
KV{125, brutal},2
KV{474, superhero},13
KV{474, space station},1
KV{567, dark humor},3
KV{357, great ending},1
KV{567, touching},5
KV{112, classic sci-fi},1
KV{474, shark},1
KV{424, goofy},2
KV{62, Francis Ford Coppola},1
KV{537, ocean},1
KV{424, funny},1
KV{506, jazz},1
KV{474, Hawkeye},1
KV{474, Pixar},2
KV{184, comedy},1
KV{599, space travel},1
KV{599, drugs & music},1
KV{62, Teen movie},1
KV{62, cyberpunk},1
KV{599, amazing dialogues},1
KV{567, philosophy},3
KV{62, anti-intellectual},1
KV{477, animation},3
KV{62, Thanos},1
KV{474, bus},1
KV{357, seen more than once},1
KV{599, splatter},1
KV{424, secrets},1
KV{424, Brad Pitt},1
KV{599, quirky},4
KV{474, donkey},1
KV{62, Keanu Reeves},2
KV{62, dark hero},2
KV{474, planes},1
KV{474, alcoholism},5
KV{537, Leonardo DiCaprio},1
KV{573, seen at the cinema},1
KV{474, babies},2
KV{567, mindfuck},2
KV{477, soundtrack},1
KV{318, music industry},1
KV{474, alternate universe},2
KV{477, cameo:Whoopi Goldberg},1
KV{474, money},1
KV{62, Margot Robbie},1
KV{62, tom hardy},1
KV{474, Morrow},1
KV{474, crime},13
KV{474, aquarium},1
KV{599, space},1
KV{62, sci-fi},1
KV{567, cinematography},7
KV{62, ancient Rome},1
KV{474, brainwashing},2
KV{21, painter},1
KV{177, fun family movie},1
KV{537, predictable},1
KV{567, Atmospheric},1
KV{474, Train},1
KV{424, alter ego},1
KV{424, soundtrack},1
KV{474, leopard},1
KV{537, funny},1
KV{599, powerful ending},1
KV{357, Bruce Willis},1
KV{599, cool},1
KV{477, Jason Segel},1
KV{599, very funny},1
KV{477, aliens},1
KV{599, travolta},1
KV{62, Marvel},2
KV{599, dark},2
KV{537, smart},1
KV{62, Turkey},1
KV{62, humor},1
KV{567, bizarre},1
KV{477, fairy tale},1
KV{599, societal criticism},1
KV{62, happy ending},1
KV{318, remix culture},1
KV{599, Palahnuik},1
KV{424, Leonardo DiCaprio},4
KV{474, Edith Wharton},2
KV{477, post-apocalyptic},3
KV{599, bloody},1
KV{567, Sad},1
KV{599, aggressive},1
KV{62, revenge},2
KV{474, reunion},2
KV{537, Soundtrack},1
KV{424, jim carrey},1
KV{474, Housekeeper},1
KV{474, large cast},1
KV{62, Harley Quinn},1
KV{62, Guardians of the Galaxy},1
KV{567, intimate},1
KV{567, reflective},2
KV{62, gun tactics},1
KV{474, spiders},1
KV{474, FBI},1
KV{356, restaurant},1
KV{567, off-beat comedy},2
KV{435, dark comedy},2
KV{599, ensemble cast},1
KV{291, hope},1
KV{62, Poor story},1
KV{477, last man on earth},2
KV{474, fatherhood},4
KV{567, bad music},1
KV{62, historical},1
KV{567, comedy},1
KV{573, BEST PICTURE},1
KV{119, funny},1
KV{474, younger men},1
KV{599, music},1
KV{474, France},2
KV{567, avant-garde romantic comedy},1
KV{62, romance},2
KV{477, bad humor},1
KV{474, Charles Dickens},1
KV{599, fast-paced},1
KV{424, paranoid},1
KV{599, meaningless violence},1
KV{166, espionage},1
KV{318, political right versus left},1
KV{474, coma},2
KV{567, stylish},1
KV{474, transplants},3
KV{599, characters},1
KV{474, Borg},1
KV{474, priest},3
KV{567, longing},1
KV{477, anti-war},1
KV{474, Tom Clancy},2
KV{477, father-son relationship},1
KV{537, mafia},1
KV{424, apocalypse},1
KV{62, Emma Stone},1
KV{62, batman},1
KV{474, british comedy},1
KV{474, werewolf},1
KV{573, boring},1
KV{477, dreamlike},3
KV{424, thriller},3
KV{424, paranoia},2
KV{477, black comedy},2
KV{62, Adventure},1
KV{474, 1980s},2
KV{62, sweet},1
KV{424, Juliette Lewis},1
KV{567, great screenplay},1
KV{537, Stock Market},1
KV{419, assassination},1
KV{474, Klingons},1
KV{599, visual},1
KV{537, sad},1
KV{474, motherhood},3
KV{474, Navy},1
KV{62, Dialogue},1
KV{318, dogs},1
KV{474, General Motors},1
KV{537, superhero team},1
KV{477, Scifi masterpiece},1
KV{119, kids},1
KV{474, demons},4
KV{474, zither},1
KV{318, reciprocal spectator},2
KV{474, Arthur Miller},1
KV{125, brutality},1
KV{474, teenagers},1
KV{424, freedom of expression},1
KV{537, beautiful scenery},1
KV{62, quirky},2
KV{62, Steve Carell},3
KV{62, scenic},1
KV{424, special effects},1
KV{599, based on a book},1
KV{357, Tom Hanks},1
KV{125, clever},1
KV{477, movies about movies},1
KV{477, Brad Pitt},2
KV{477, Ralph Fiennes},1
KV{474, Bugs Bunny},1
KV{336, wapendrama},1
KV{474, Mozart},1
KV{318, american idolatry},1
KV{599, violent},2
KV{474, The Entertainer},1
KV{474, scandal},2
KV{599, Steve Buscemi},2
KV{474, In Your Eyes},1
KV{567, dark comedy},3
KV{474, terminal illness},3
KV{567, Dark},1
KV{474, racism},9
KV{103, good dialogue},1
KV{567, colorful},1
KV{474, Ireland},5
KV{424, Alfred Hitchcock},1
KV{474, adolescence},11
KV{610, Heroic Bloodshed},1
KV{599, assassin},2
KV{474, Anne Boleyn},1
KV{477, androids},1
KV{474, E. M. Forster},1
KV{474, carnival},1
KV{184, not linear},1
KV{474, Atomic bomb},1
KV{477, alone in the world},1
KV{474, golfing},1
KV{537, psychological},1
KV{424, obsession},2
KV{477, movie business},1
KV{599, sexy},1
KV{474, Dr. Seuss},1
KV{599, Julianne Moore},1
KV{318, adventure},1
KV{567, imaginative},1
KV{125, threesome},1
KV{477, surreal},4
KV{599, gore},1
KV{474, doctors},2
KV{477, not funny},1
KV{474, computers},1
KV{474, blindness},4
KV{477, Arnold Schwarzenegger},1
KV{62, emma thompson},1
KV{125, dark humor},2
KV{477, dystopia},1
KV{2, drugs},1
KV{424, mindfuck},3
KV{357, Atmospheric},1
KV{477, Paul Giamatti},2
KV{21, bloody},1
KV{477, social commentary},3
KV{193, sentimental},1
KV{474, Hemingway},2
KV{424, predictable},1
KV{474, divorce},7
KV{474, serial killer},6
KV{62, Gal Gadot},1
KV{474, music},7
KV{606, music},1
KV{567, gentle},1
KV{474, Death},1
KV{424, emotional},1
KV{474, murder},6
KV{474, George Bernard Shaw},2
KV{474, Food},1
KV{474, ex-con},1
KV{474, Empire State Building},1
KV{474, gangsters},2
KV{357, Bittersweet},1
KV{599, achronological},1
KV{537, Wall Street},2
KV{474, disability},7
KV{567, poetic},1
KV{474, TOGA},1
KV{520, Dan Aykroyd},1
KV{477, sci-fi},5
KV{424, Tim Burton},1
KV{477, music},1
KV{62, Stoner Movie},1
KV{606, austere},1
KV{474, wine},1
KV{474, Ichabod Crane},1
KV{599, social commentary},1
KV{599, Brad Pitt},1
KV{125, suspense},1
KV{474, muppets},1
KV{474, ships},1
KV{226, big wave},1
KV{2, Martin Scorsese},1
KV{599, Jean Reno},1
KV{474, gold},1
KV{567, whimsical},2
KV{474, Andrew Lloyd Weber},1
KV{62, future},1
KV{62, Tilda Swinton},1
KV{424, Christian Bale},1
KV{599, surreal},2
KV{537, investor corruption},1
KV{567, arthouse},1
KV{474, golf},3
KV{474, Tokyo},1
KV{599, black comedy},1
KV{62, violent},2
KV{424, samurai},1
KV{62, interesting characters},1
KV{62, modern fantasy},1
KV{62, bromance},1
KV{424, lesbian},1
KV{477, comic book},2
KV{474, New York},6
KV{477, good soundtrack},1
KV{537, organized crime},1
KV{474, Wolverine},1
KV{474, Einstein},1
KV{62, dogs},1
KV{477, Michael Cera},3
KV{474, McDonalds},1
KV{599, parody},1
KV{477, big budget},1
KV{62, HOT actress},1
KV{477, stop using useless characters for filler},1
KV{424, Al Pacino},1
KV{474, a dingo ate my baby},1
KV{477, Edward Norton},1
KV{599, disturbing},3
KV{62, Will Smith},2
KV{599, r:some violence},1
KV{477, 2D animation},1
KV{439, Myth},2
KV{424, acting},1
KV{474, McCarthy hearings},1
KV{103, great soundtrack},2
KV{474, revenge},6
KV{474, Ghosts},1
KV{62, Classic},1
KV{474, depression},1
KV{474, immigration},1
KV{477, based on a book},1
KV{599, Edward Norton},1
KV{567, melancholy},4
KV{424, masterpiece},1
KV{477, parody},1
KV{424, free speech},1
KV{62, stylish},2
KV{62, magic board game},1
KV{62, Adam Sandler},1
KV{62, Family},1
KV{474, L.A.},2
KV{599, Roger Avary},1
KV{599, schizophrenia},1
KV{474, hula hoop},1
KV{424, crude humor},2
KV{567, boring},1
KV{62, anime},2
KV{477, macho},1
KV{474, May-December romance},1
KV{477, psychology},3
KV{474, Alcatraz},1
KV{474, sports},5
KV{474, sequel},1
KV{318, celebrity fetishism},1
KV{599, dance},1
KV{419, terrorism},1
KV{435, superhero},1
KV{474, Jean Grey},1
KV{62, Joker},1
KV{474, diabetes},1
KV{599, blood splatters},1
KV{474, vertriloquism},1
KV{474, Rogue},1
KV{599, AWESOME},1
KV{474, Made me cry},1
KV{106, Everything you want is here},1
KV{474, big top},1
KV{424, drugs},2
KV{424, action},2
KV{477, joss whedon},1
KV{2, funny},1
KV{357, shakespeare},1
KV{599, coen brothers},1
KV{599, slow paced},1
KV{62, building a family},1
KV{424, adult humor},1
KV{537, Adam Sandler},1
KV{474, Graham Greene},2
KV{474, Rosebud},1
KV{599, Cult classic},1
KV{537, Captain America},1
KV{193, cinematography},1
KV{474, Siam},1
KV{474, prejudice},1
KV{573, steve carell},1
KV{125, controversial},1
KV{193, classic sci-fi},1
KV{125, alternate reality},1
KV{62, social commentary},1
KV{474, Howard Hughes},1
KV{62, Hilary Swank},1
KV{474, heist},11
KV{474, John Grisham},4
KV{599, meditative},1
KV{336, boksdrama},1
KV{477, bromantic},1
KV{474, parody},1
KV{509, animation},1
KV{474, island},2
KV{599, sophisticated},1
KV{424, Mystery},1
KV{318, predictable},1
KV{474, Screwball},3
KV{62, Angelina Jolie},1
KV{62, plot holes},2
KV{474, wrongful imprisonment},1
KV{477, disturbing},1
KV{474, alternate endings},2
KV{474, pigs},1
KV{119, robots},1
KV{357, Mark Ruffalo},1
KV{477, sequel},4
KV{62, comic book},5
KV{477, Nathan Fillion},1
KV{474, American Indians},1
KV{184, insomnia},1
KV{2, MMA},1
KV{424, space},1
KV{567, psychological},1
KV{474, interracial romance},1
KV{599, deadpan},1
KV{327, comic book},1
KV{567, great cinematography},1
KV{357, ending},1
KV{474, ogres},1
KV{62, freedom},1
KV{599, challenging},1
KV{424, Christopher Nolan},1
KV{599, gritty},1
KV{477, time travel},2
KV{193, dreamlike},2
KV{599, future},1
KV{567, humor},1
KV{474, rabbi},1
KV{474, Stephen King},12
KV{474, road trip},1
KV{424, wizards},1
KV{477, thought-provoking},1
KV{62, Brad Pitt},1
KV{289, predictable},1
KV{537, casino},1
KV{474, Animal movie},7
KV{62, new society},1
KV{125, violence},1
KV{474, Hepburn and Tracy},5
KV{599, sarcasm},2
KV{474, autism},1
KV{62, boring},1
KV{599, crime scene scrubbing},1
KV{474, deafness},1
KV{125, Kevin Costner},1
KV{474, southern US},1
KV{474, journalism},12
KV{424, Metaphorical},1
KV{62, lack of plot},1
KV{599, satire},1
KV{424, winona ryder},1
KV{477, James Stewart},2
KV{477, nerds},1
KV{424, comedy},4
KV{509, adventure},1
KV{474, halloween},2
KV{477, black and white},1
KV{477, Morgan Freeman},1
KV{567, Depressing},1
KV{474, Olympics},2
KV{112, engrossing adventure},1
KV{474, indiana jones},1
KV{474, lawyer},2
KV{62, cheesy},1
KV{62, black comedy},4
KV{424, tricky},1
KV{474, Doc Ock},1
KV{305, zombies},1
KV{184, hugh jackman},1
KV{599, humour},1
KV{63, space action},1
KV{474, submarine},2
KV{599, disjointed timeline},1
KV{599, biblical references},1
KV{567, haunting},1
KV{119, animation},2
KV{599, bad ass},1
KV{509, fantasy},1
KV{537, economics},1
KV{599, intellectual},1
KV{599, psychology},1
KV{477, Atmospheric},2
KV{62, Thor},1
KV{357, clever},1
KV{474, homeless},4
KV{567, great humor},1
KV{474, football},3
KV{599, cult classic},1
KV{474, time travel},9
KV{573, really bad},1
KV{599, intense},1
KV{474, Saturday Night Live},1
KV{599, r:violence},1
KV{62, dystopia},3
KV{610, gun fu},1
KV{599, stylish},1
KV{537, business},2
KV{567, awkward},1
KV{62, sarcasm},1
KV{318, mediacentralism},1
KV{49, black hole},1
KV{474, courtroom drama},1
KV{567, Existential},1
KV{567, paranoid},3
KV{537, corruption},3
KV{18, gangster},1
KV{424, high fantasy},1
KV{599, visually appealing},1
KV{606, 70mm},1
KV{573, Not Seen},1
KV{62, Emilia Clarke},1
KV{184, nonlinear},1
KV{567, paranoia},2
KV{193, space action},1
KV{424, Robert De Niro},3
KV{327, music},3
KV{474, black and white},3
KV{567, Heartwarming},1
KV{424, dark comedy},3
KV{474, Music},1
KV{62, Alicia Vikander},1
KV{184, twist ending},1
KV{477, Jason Biggs},1
KV{567, poignant},5
KV{599, spacecraft},1
KV{573, Wesley Snipes},1
KV{477, Well Done},1
KV{474, death penalty},5
KV{256, high school},1
KV{357, Steven Spielberg},1
KV{125, survival},1
KV{474, Tolkein},4
KV{474, nanny},1
KV{62, unexplained},1
KV{62, Peta Wilson},1
KV{474, Holy Grail},1
KV{567, Cerebral},1
KV{357, Amazing Cinematography},1
KV{289, moving},1
KV{474, von Bulow},1
KV{567, quirky},13
KV{599, tedious},1
KV{474, accident},1
KV{62, thriller},1
KV{474, James Fennimore Cooper},1
KV{62, Ben Affleck},1
KV{318, poetic},1
KV{537, small time criminals},1
KV{424, atmospheric},5
KV{474, Rogers and Hammerstein},2
KV{474, based on a TV show},4
KV{62, CGI},1
KV{537, war},1
KV{537, too long},1
KV{474, Cole Porter},1
KV{567, fatalistic},1
KV{62, captain nemo},1
KV{567, emotional},10
KV{567, abstract},1
KV{62, confusing},1
KV{424, plot twist},2
KV{318, Animation},1
KV{599, cinematography},1
KV{357, android(s)/cyborg(s)},1
KV{474, Academy award (Best Supporting Actress)},1
KV{125, Seth Rogen},2
KV{474, men in drag},6
KV{424, KIDNAPPING},1
KV{18, Mafia},2
KV{474, Hammett},1
KV{7, way too long},1
KV{62, good soundtrack},2
KV{336, stiller},1
KV{599, thought-provoking},2
KV{474, families},1
KV{193, cult film},1
KV{184, superhero},1
KV{305, predictable},1
KV{256, funny},1
KV{357, chick flick},1
KV{62, mad scientist},1
KV{474, domestic violence},1
KV{477, George Lucas},1
KV{474, Broadway},1
KV{474, Scotland},1
KV{474, dogs},2
KV{125, embarassing scenes},1
KV{599, John Travolta},1
KV{477, future},2
KV{62, tension building},1
KV{599, Black comedy},1
KV{184, anime},3
KV{537, suspense},3
KV{537, mindfuck},1
KV{62, characters},1
KV{537, cliche characters},1
KV{62, Charlize Theron},2
KV{62, Rome},1
KV{474, gambling},5
KV{477, visually appealing},1
KV{18, Al Pacino},2
KV{424, psychological},5
KV{474, Gambling},1
KV{474, stand-up comedy},1
KV{474, luke skywalker},2
KV{318, system holism},1
KV{599, awkward romance},1
KV{599, French},1
KV{487, passion},1
KV{474, future},2
KV{567, symbolic},1
KV{474, psychology},6
KV{184, Christopher Nolan},1
KV{474, World War I},1
KV{474, anti-Semitism},3
